ds,yhat,yhat_lower,yhat_upper
2024-07-06 04:07:00,2178.152897193184,487.7044853315129,3955.919716913393
2024-07-07 04:07:00,2295.065403465016,463.3882316054401,3821.4529781960955
2024-07-08 04:07:00,2204.182736370279,480.42285432118234,3752.052038405399
2024-07-09 04:07:00,2133.494459772061,457.8095662231103,3896.188003907449
2024-07-10 04:07:00,2146.748320800454,408.6644235929147,3827.4481062349078
2024-07-11 04:07:00,2183.393951919717,550.2825031023826,3758.5137821170742
2024-07-12 04:07:00,2171.4019535541292,477.68116891829385,3784.065688585319
2024-07-13 04:07:00,2189.9847861528465,599.3084861668117,3859.8953144878737
2024-07-14 04:07:00,2310.251306383045,714.9750600063323,4088.125159052223
2024-07-15 04:07:00,2223.3369392596587,613.702439523386,3918.606008257637
2024-07-16 04:07:00,2157.102724934741,633.6575481239686,3841.7038412722595
2024-07-17 04:07:00,2175.1464370903072,495.4185407949738,3826.952836207717
2024-07-18 04:07:00,2216.7507855244858,558.811898280157,3864.538631027557
2024-07-19 04:07:00,2209.7075685384652,495.2486789975621,3868.8596775954147
2024-07-20 04:07:00,2233.044052251806,542.4176147223822,3917.069680059247
2024-07-21 04:07:00,2357.6832464766903,719.399910442479,3945.5597921945123
2024-07-22 04:07:00,2274.579895531988,768.6120065210296,3933.9268947016735
2024-07-23 04:07:00,2211.4252461467963,530.9659805291809,3908.8381678289416
2024-07-24 04:07:00,2231.6636149432775,581.631611770656,3982.1893008096604
2024-07-25 04:07:00,2274.4456010604345,645.5718195763772,4028.310788851844
2024-07-26 04:07:00,2267.456654949966,565.0972786703705,3961.1060617236844
2024-07-27 04:07:00,2289.647143029432,627.6654983440362,4039.291892848461
2024-07-28 04:07:00,2411.895461740095,831.1770581520345,4093.503218752628
2024-07-29 04:07:00,2325.145928195508,517.9038323434324,4036.672134083491
2024-07-30 04:07:00,2257.1144461099043,648.0862504581158,3889.783021124921
2024-07-31 04:07:00,2271.304935773361,582.6086540629261,3941.689450057847
2024-08-01 04:07:00,2306.9613707758194,637.9322070251637,3956.307788938603
2024-08-02 04:07:00,2291.89416070533,691.1450801545283,4050.6407166352087
2024-08-03 04:07:00,2305.2070780513495,719.2889333653977,3850.2326819954083
2024-08-04 04:07:00,2417.9563700992185,782.2146987317504,4115.095899845927
2024-08-05 04:07:00,2321.2838964642933,548.7697813950718,3945.6093961769348
2024-08-06 04:07:00,2243.1174273272945,517.3270983085183,3820.146678641952
2024-08-07 04:07:00,2247.18124647859,639.4960136935721,3960.569740116918
2024-08-08 04:07:00,2272.9420715761094,541.640910673394,3953.1208870901596
2024-08-09 04:07:00,2248.4292099640247,530.3641163872927,3932.6409377504483
2024-08-10 04:07:00,2252.955331482276,457.0102902918337,3946.402525468535
2024-08-11 04:07:00,2357.7696809209583,669.9420366352787,4033.769727874764
2024-08-12 04:07:00,2254.185745882832,600.5325395270426,3920.7890131509453
2024-08-13 04:07:00,2170.2766782671183,514.4334914684797,3834.320171128195
2024-08-14 04:07:00,2169.8817597477587,463.48174743499237,3856.049202959875
2024-08-15 04:07:00,2192.5490486721424,505.80948116827676,3838.8782734355673
2024-08-16 04:07:00,2166.353226681516,562.9514821940367,3843.6295884821766
2024-08-17 04:07:00,2170.6150983332805,476.2178670822006,3868.9969419594404
2024-08-18 04:07:00,2276.554607906948,529.1985958806482,3944.5260512363843
2024-08-19 04:07:00,2175.419398987473,467.4958629014674,3925.664670652767
2024-08-20 04:07:00,2095.1821928180557,456.62850851136574,3834.5976423836732
2024-08-21 04:07:00,2099.55022202225,538.8826427605626,3769.249681247663
2024-08-22 04:07:00,2127.9117733129224,552.166081537476,3855.0725154265347
2024-08-23 04:07:00,2108.158745983886,373.46972004792514,3751.460884891311
2024-08-24 04:07:00,2119.411543503336,450.9598407755123,3897.5253496204577
2024-08-25 04:07:00,2232.67800585307,482.0114063648377,3771.7096318026884
2024-08-26 04:07:00,2138.9882356979815,492.4472968726407,3867.8447413715835
2024-08-27 04:07:00,2066.098410887008,381.7440918346918,3739.888793516856
2024-08-28 04:07:00,2077.506630818962,333.2368265031195,3795.485278446674
2024-08-29 04:07:00,2112.405661179099,352.88666498430126,3696.738410755814
2024-08-30 04:07:00,2098.5113002788466,363.25515377006553,3715.0038643789335
2024-08-31 04:07:00,2114.7925116981773,565.0123786120085,3888.5959606318156
2024-09-01 04:07:00,2232.1348743397784,592.1998761376824,3999.508337978553
2024-09-02 04:07:00,2141.4790671728547,547.5722905787337,3799.2948739070407
2024-09-03 04:07:00,2070.5273701354117,434.2533547603894,3790.8001522814916
2024-09-04 04:07:00,2082.761145844817,407.2767473322486,3710.07691500079
2024-09-05 04:07:00,2117.394114354871,494.8638984401748,3856.7870715906793
2024-09-06 04:07:00,2102.2001242288497,434.1483212522058,3832.9822108097424
2024-09-07 04:07:00,2116.241577597614,504.3365919316436,3821.61068723661
2024-09-08 04:07:00,2230.5301059664857,408.1087541598924,3910.8441173231327
2024-09-09 04:07:00,2136.1612911279967,496.74843081794575,3770.155366083798
2024-09-10 04:07:00,2061.016518992834,494.9433500075915,3791.480453272556
2024-09-11 04:07:00,2068.7750635647044,381.79411717777805,3631.3938310755116
2024-09-12 04:07:00,2098.861368300361,322.6083813800857,3710.5200981613416
2024-09-13 04:07:00,2079.2664010811222,456.4159023764529,3775.6041236890114
2024-09-14 04:07:00,2089.269426379073,464.9919205422636,3910.7240754507325
2024-09-15 04:07:00,2200.0919848441995,540.7762860901664,3883.8906471849928
2024-09-16 04:07:00,2103.02607007786,422.16843135204664,3705.399126036998
2024-09-17 04:07:00,2026.1297820426455,309.7567507053833,3736.0515160932955
2024-09-18 04:07:00,2033.2337366274664,357.96499397453573,3642.9036704231153
2024-09-19 04:07:00,2063.883366231809,524.6973420400095,3851.861773976473
2024-09-20 04:07:00,2046.1561356254738,344.8947352485952,3688.1552364331224
2024-09-21 04:07:00,2059.380140775167,354.3562881725247,3844.765521858249
2024-09-22 04:07:00,2174.785977413706,629.3221205557286,3907.605379142136
2024-09-23 04:07:00,2083.6339352205555,379.7552783233732,3731.0203946048805
2024-09-24 04:07:00,2013.9098308012403,324.43816838717464,3838.929001021728
2024-09-25 04:07:00,2029.332759298861,367.3619817535646,3866.9551579116983
2024-09-26 04:07:00,2069.2998663647354,447.24829787104187,3699.491276458732
2024-09-27 04:07:00,2061.7070990609463,307.07849855875105,3717.2995644315806
2024-09-28 04:07:00,2085.6723070467606,531.6329211673869,3869.677310672069
2024-09-29 04:07:00,2212.1924565790946,548.7680928402926,3944.9349449768724
2024-09-30 04:07:00,2132.276864629888,428.3534515219484,3799.0189190506835
2024-10-01 04:07:00,2073.649597710077,476.00259399497645,3856.8341735079835
2024-10-02 04:07:00,2099.7641314589227,340.08174131683865,3777.8016251275244
2024-10-03 04:07:00,2149.755179095008,501.72098091075736,3893.550715240752
2024-10-04 04:07:00,2151.2664494079772,585.3661857800704,3796.6682196854613
2024-10-05 04:07:00,2183.1805091864517,627.6660401939035,3832.3419087368866
2024-10-06 04:07:00,2316.2823232725145,581.9514708981718,4075.1314250546475
2024-10-07 04:07:00,2241.3982027767906,601.9593731438724,3976.3039636155904
2024-10-08 04:07:00,2186.103146914234,467.1761112347645,3854.4333983463393
2024-10-09 04:07:00,2213.7395376074496,479.53166490639006,3865.3552508736693
2024-10-10 04:07:00,2263.3719841639877,508.5703880136542,3937.483221573302
2024-10-11 04:07:00,2262.6169971585755,606.1521312457878,3851.2073732325302
2024-10-12 04:07:00,2290.3736164325205,593.3070037209635,3857.422682508629
2024-10-13 04:07:00,2417.4865492899494,764.9340917002208,3967.906625102736
2024-10-14 04:07:00,2334.8835656193332,630.9932649342697,4091.9956467346447
2024-10-15 04:07:00,2270.2801842983845,497.4132433645296,3972.7616264356625
2024-10-16 04:07:00,2287.19469011168,499.8748055042498,4012.3417183214547
2024-10-17 04:07:00,2324.898387283521,594.4062992326021,3870.044997459247
2024-10-18 04:07:00,2311.239903037872,652.0467666129126,3924.075120188118
2024-10-19 04:07:00,2325.3698217978767,720.1832650859748,3954.288615150425
2024-10-20 04:07:00,2438.3973786308875,743.4977159221712,4175.3478450115945
2024-10-21 04:07:00,2341.521142900525,646.8889583584908,4001.2838202627827
2024-10-22 04:07:00,2262.7269169788583,617.7433515792417,3818.8427491187576
2024-10-23 04:07:00,2265.796080420808,569.8638254003639,3927.1229795137697
2024-10-24 04:07:00,2290.2494719418246,647.6463248863895,3973.7122884162145
2024-10-25 04:07:00,2264.1657984912854,594.7021695986912,3954.7875593223257
2024-10-26 04:07:00,2266.9010124285064,635.0604389567793,3917.174173827595
2024-10-27 04:07:00,2369.7405257252008,734.8718991723929,4082.1675164779217
2024-10-28 04:07:00,2264.0263083406817,647.8502801414817,3804.343635992451
2024-10-29 04:07:00,2177.8521844244724,610.2620565655378,3825.853904622257
2024-10-30 04:07:00,2175.070615696261,427.22654292025766,3816.7991251687636
2024-10-31 04:07:00,2195.2360918981444,501.04820830411677,3903.747311363875
2024-11-01 04:07:00,2166.4241131401905,365.9960252529201,3812.8809584997607
2024-11-02 04:07:00,2167.9521690396555,388.7708440636007,3799.053240883218
2024-11-03 04:07:00,2271.034517087574,681.1260913021246,3919.6310116544923
2024-11-04 04:07:00,2166.9127127583856,435.87346828278174,3891.5124793435784
2024-11-05 04:07:00,2083.55508528468,410.95457779561593,3863.318348972624
2024-11-06 04:07:00,2084.668307379702,387.98648064780417,3746.3190458833255
2024-11-07 04:07:00,2109.646020863883,472.6651827531866,3737.730272919813
2024-11-08 04:07:00,2086.393333086869,511.7051891569949,3651.2990658432154
2024-11-09 04:07:00,2094.05341241918,546.9673812513083,3788.7000850374866
2024-11-10 04:07:00,2203.6678073630633,497.65439952300113,3887.034004615041
2024-11-11 04:07:00,2106.312268146629,469.64554011766904,3715.4526365562924
2024-11-12 04:07:00,2029.801100626557,69.33756445001265,3713.417112591967
2024-11-13 04:07:00,2037.7030512879194,345.8766239409014,3806.241688527187
2024-11-14 04:07:00,2069.2935549683666,344.7659405185677,3707.7248260576466
2024-11-15 04:07:00,2052.382053020203,258.3719085760285,3710.0356551945356
2024-11-16 04:07:00,2066.040529420586,501.97613429201914,3745.6986070859048
2024-11-17 04:07:00,2181.264837483379,380.8211242982481,3868.1787413960687
2024-11-18 04:07:00,2089.110574554399,445.64320293345276,3730.550081729662
2024-11-19 04:07:00,2017.3965440833697,281.5448576807506,3764.9637971322722
2024-11-20 04:07:00,2029.7188441250903,266.678617520618,3618.97740412225
2024-11-21 04:07:00,2065.4004835846167,370.9483314081307,3766.9163009436525
2024-11-22 04:07:00,2052.315330814889,437.6639132180041,3675.4758427302404
2024-11-23 04:07:00,2069.6126631533257,401.26710704372164,3702.8819116579384
2024-11-24 04:07:00,2188.3740314847787,502.31512005059506,3858.0381901265473
2024-11-25 04:07:00,2099.744354587995,398.57536141123256,3799.2986718272705
2024-11-26 04:07:00,2031.6304510006191,459.0502356470779,3874.6763891064124
2024-11-27 04:07:00,2047.7102214759927,360.50002856027527,3859.595966085817
2024-11-28 04:07:00,2087.3775575306254,328.83578435718454,3796.241174794876
2024-11-29 04:07:00,2078.5619495086435,325.1193980069747,3739.8225875718945
2024-11-30 04:07:00,2100.449220796398,502.8072139793132,3640.993647151535
2024-12-01 04:07:00,2224.1352444789927,439.7638204936274,3919.2088829745308
2024-12-02 04:07:00,2140.7546788967043,436.28968416647353,3786.12310774574
2024-12-03 04:07:00,2078.1780270305767,335.65364133171784,3709.029427114939
2024-12-04 04:07:00,2100.0203021751736,486.34132710738015,3915.7202252587895
2024-12-05 04:07:00,2145.586414487025,317.2601166103451,3905.7310959123797
2024-12-06 04:07:00,2142.6922591211946,401.98390619562787,3803.602166452704
2024-12-07 04:07:00,2170.387907448533,637.8804307497849,4016.8723762361346
2024-12-08 04:07:00,2299.6147005078556,812.6218621993692,3894.2463427363055
2024-12-09 04:07:00,2221.3381934006134,419.55268091035896,3920.292981573101
2024-12-10 04:07:00,2163.2501395519575,491.17545950806186,3824.9121662384655
2024-12-11 04:07:00,2188.782656231746,585.400087485759,3871.6757275665027
2024-12-12 04:07:00,2237.0595238651417,548.0169468348056,3856.8549271649545
2024-12-13 04:07:00,2235.723421462408,536.2329658532483,3898.4164315063963
2024-12-14 04:07:00,2263.6653102225905,598.6750381620757,4058.2561568861925
2024-12-15 04:07:00,2391.6875695961935,682.0457134283274,4033.508594987695
2024-12-16 04:07:00,2310.642640097583,692.75694452086,3975.18547190019
2024-12-17 04:07:00,2248.1401737176166,571.5291857206395,3914.4569072133922
2024-12-18 04:07:00,2267.5656574131854,620.2012710698501,3872.3361060955845
2024-12-19 04:07:00,2308.0353039295546,653.9616617244923,4075.2030682344052
2024-12-20 04:07:00,2297.225876676237,543.8835274771241,4068.669390894037
2024-12-21 04:07:00,2314.105552193795,571.6840011029368,4103.706038090047
2024-12-22 04:07:00,2429.597346724214,732.4365681937405,4246.118378997804
2024-12-23 04:07:00,2334.7168169326196,579.8969059052749,3973.207115778726
2024-12-24 04:07:00,2257.277026763219,515.1866823652821,3929.596935375027
2024-12-25 04:07:00,2260.9037732306742,716.9579140081083,4012.403164339764
2024-12-26 04:07:00,2284.985928648586,666.5757646164134,3930.2639080016156
2024-12-27 04:07:00,2257.49966394178,461.77090669891226,3796.2901161776967
2024-12-28 04:07:00,2257.732786809547,647.1277131965899,3863.352690179714
2024-12-29 04:07:00,2356.94088053788,661.0967549907897,4039.0377658543257
2024-12-30 04:07:00,2246.4771376603303,691.5390845126844,3915.855436378929
2024-12-31 04:07:00,2154.4890845352606,517.5534418392821,3947.8399535708595
2025-01-01 04:07:00,2144.9254081074732,391.3678273835035,3790.9555576016373
2025-01-02 04:07:00,2157.477969146544,541.42895717556,3809.549497453798
2025-01-03 04:07:00,2120.3979954015617,527.0081540943595,3765.0523757534384
2025-01-04 04:07:00,2113.21291276069,495.22550969521717,3735.987398943501
2025-01-05 04:07:00,2207.3757136643494,466.71120641746273,3876.339109414011
2025-01-06 04:07:00,2094.388953409305,406.004674272647,3742.691453530714
2025-01-07 04:07:00,2002.4967440952894,264.09154408144167,3732.083994444632
2025-01-08 04:07:00,1995.6881032916735,378.26042773834666,3693.278466981367
2025-01-09 04:07:00,2013.636855257254,350.48792085988447,3603.818080542942
2025-01-10 04:07:00,1984.5171559077762,311.29981794376187,3585.1016658753774
2025-01-11 04:07:00,1987.7211390602695,182.07609160818137,3565.372117987409
2025-01-12 04:07:00,2094.510582849141,377.7015988580529,3886.175968366097
2025-01-13 04:07:00,1996.144646437224,422.15450953781647,3713.568502786915
2025-01-14 04:07:00,1920.5769668560292,84.94946880391396,3701.7707418650366
2025-01-15 04:07:00,1931.4653555891075,147.76830781895904,3489.8722271927404
2025-01-16 04:07:00,1968.1191406703235,360.8581754752544,3714.6604483238566
2025-01-17 04:07:00,1958.3230427118835,366.6897725445703,3623.293430747523
2025-01-18 04:07:00,1981.0638737228276,338.47932154316027,3596.424193600647
2025-01-19 04:07:00,2107.191728566947,478.26421638759865,3800.1653670449655
2025-01-20 04:07:00,2027.5574759129695,359.26703617854844,3699.7375278451095
2025-01-21 04:07:00,1969.7195875656187,344.028061550094,3574.988388024156
2025-01-22 04:07:00,1996.9632939877936,374.01603430947654,3664.8730083285704
2025-01-23 04:07:00,2048.2568659643694,399.6481121545139,3562.9606675875043
2025-01-24 04:07:00,2051.083677712029,352.36722376980407,3707.6078870285414
2025-01-25 04:07:00,2084.1761262636232,488.3766309722102,3706.082624012679
2025-01-26 04:07:00,2218.1828879279237,595.1148119870228,3796.5588853341264
2025-01-27 04:07:00,2143.811159777348,458.12490206980635,3787.012335814395
2025-01-28 04:07:00,2088.5368007212414,446.39826930927876,3794.1832170293455
2025-01-29 04:07:00,2115.625273604678,462.83798904475844,3779.792116480803
2025-01-30 04:07:00,2164.0881423043397,482.0603629997225,3769.8984797699914
2025-01-31 04:07:00,2161.5137747845247,363.04349584970777,3886.266843095821
2025-02-01 04:07:00,2186.7983643986754,488.93879136592363,3846.062304613232
2025-02-02 04:07:00,2310.8088284399523,558.0665833200745,3985.6703399635458
2025-02-03 04:07:00,2224.5193487319784,525.0239864385543,3942.0959171689587
2025-02-04 04:07:00,2155.7146210525852,486.3107008759617,3797.233014802644
2025-02-05 04:07:00,2168.0028982975823,546.3409363245861,3724.8095875892795
2025-02-06 04:07:00,2200.7637910153753,426.95037932463987,4070.008770191204
2025-02-07 04:07:00,2181.96970636132,620.7605556332569,3873.180773007854
2025-02-08 04:07:00,2190.907281979017,556.1124609169813,3892.521726277247
2025-02-09 04:07:00,2298.830625474263,523.090353068867,3900.4834816158605
2025-02-10 04:07:00,2197.08837651568,520.1290818502956,3880.291439418351
2025-02-11 04:07:00,2113.817904298916,350.042245455765,3694.9780738409654
2025-02-12 04:07:00,2112.9499582788617,328.83496946766365,3645.8913620150083
2025-02-13 04:07:00,2134.1489495273263,482.83986419910633,3709.8507678940296
2025-02-14 04:07:00,2105.6279325406094,390.0333644579775,3663.858207066933
2025-02-15 04:07:00,2106.864802766834,481.88634258373617,3741.223323919102
2025-02-16 04:07:00,2209.251645149517,456.7899524315362,3977.974782880395
2025-02-17 04:07:00,2104.21933799402,397.1482994216802,3687.9324724159624
2025-02-18 04:07:00,2019.9307727155451,289.2389903361493,3780.822008388217
2025-02-19 04:07:00,2020.2860146649832,457.63669968091733,3669.9676580498844
2025-02-20 04:07:00,2044.864549309324,375.47655506516287,3741.210273225071
2025-02-21 04:07:00,2021.74361133552,331.2033353865608,3674.4563928384614
2025-02-22 04:07:00,2030.219002848317,318.609261718201,3552.6758829001315
2025-02-23 04:07:00,2141.460193350002,474.60267436368747,3737.624101007843
2025-02-24 04:07:00,2046.6416339297357,426.7623139077699,3753.577090064811
2025-02-25 04:07:00,1973.6434501162232,212.32783989878502,3558.682361697791
2025-02-26 04:07:00,1986.0646239353248,286.7678866282474,3568.061518757229
2025-02-27 04:07:00,2023.1735824054372,375.77202002698107,3658.801602736027
2025-02-28 04:07:00,2012.7349570630167,327.4587162989973,3748.293929737835
2025-03-01 04:07:00,2033.7386883653642,342.69231477738066,3741.321095434075
2025-03-02 04:07:00,2157.063042471977,452.990012689965,3847.6766751089654
2025-03-03 04:07:00,2073.6132610581317,353.74607143888795,3758.722075524232
2025-03-04 04:07:00,2011.028816038232,210.95078379636078,3636.4964236434016
2025-03-05 04:07:00,2032.7022116035573,254.27864957860743,3627.683928722672
2025-03-06 04:07:00,2077.734111582553,477.40997140477975,3610.835679264703
2025-03-07 04:07:00,2073.7634500091353,519.8693500283192,3681.2240322453144
2025-03-08 04:07:00,2099.6986272282393,488.3970923659666,3712.705912145401
2025-03-09 04:07:00,2226.381324325906,522.016770144418,3857.1501858053234
2025-03-10 04:07:00,2144.7246591835114,467.8302314281922,3982.5957273007457
2025-03-11 04:07:00,2082.418695526159,336.1399295879303,3734.834985785917
2025-03-12 04:07:00,2102.9463221261913,447.1459885070099,3851.142419577949
2025-03-13 04:07:00,2145.5343876219927,477.5797008516156,3954.7764547544657
2025-03-14 04:07:00,2137.978885483527,382.54080879165156,3754.1660950146265
2025-03-15 04:07:00,2159.3704530028986,426.147116217059,3710.3023094526898
2025-03-16 04:07:00,2280.7518985514544,642.273509421983,3972.03688686931
2025-03-17 04:07:00,2193.2496762651945,605.0025064286999,3852.564418435184
2025-03-18 04:07:00,2124.7725239049782,468.14738637187753,3814.6281177767023
2025-03-19 04:07:00,2139.020487889989,419.4668701332268,3776.8343901541525
2025-03-20 04:07:00,2175.429424169789,446.07285727243317,3784.9667191860317
2025-03-21 04:07:00,2161.9899631299677,536.7185791910794,3790.56652114465
2025-03-22 04:07:00,2177.9673809356345,422.93242738075963,3912.580879297364
2025-03-23 04:07:00,2294.5542498849504,595.4458836880332,3863.2211478220074
2025-03-24 04:07:00,2202.9979205949303,571.1197041154873,3852.824964554708
2025-03-25 04:07:00,2131.2961571073292,509.14044870022167,3827.0845810112974
2025-03-26 04:07:00,2143.20422311251,466.17612156521466,3739.2821140225183
2025-03-27 04:07:00,2178.1785491719606,533.9060357987136,3800.4992174094705
2025-03-28 04:07:00,2164.195976468559,416.0397682121292,3776.89897017112
2025-03-29 04:07:00,2180.474993129215,545.0495683464161,3762.0832795274814
2025-03-30 04:07:00,2298.1307767383955,624.4849834812595,4021.654687145348
2025-03-31 04:07:00,2208.306006456972,471.26923096697794,4040.017796823041
2025-04-01 04:07:00,2138.8706489319634,577.0306621630729,3794.960350666343
2025-04-02 04:07:00,2153.433875624512,428.0045013833452,3906.2920789674818
2025-04-03 04:07:00,2191.2930816038424,501.1284400629591,3894.201476110978
2025-04-04 04:07:00,2180.258827317681,532.9446372896905,3924.3013943390683
2025-04-05 04:07:00,2199.3819364968836,493.12375351359714,3880.824689276349
2025-04-06 04:07:00,2319.61437771915,718.3387943587421,3900.3490616224863
2025-04-07 04:07:00,2231.945709390125,504.34756849689404,3847.1308033874693
2025-04-08 04:07:00,2164.108116684095,385.24004918901915,3927.0239496209742
2025-04-09 04:07:00,2179.5930356811737,518.1033373116637,3827.779228934547
2025-04-10 04:07:00,2217.604190494158,523.1543851106306,3874.948434089313
2025-04-11 04:07:00,2205.8857430014878,487.4857383519836,3907.82402588965
2025-04-12 04:07:00,2223.451692388226,710.648206677271,3947.6349475047086
2025-04-13 04:07:00,2341.248084762548,671.7334912597655,3966.50404308413
2025-04-14 04:07:00,2250.2897758984327,577.2655792813715,3924.599106210959
2025-04-15 04:07:00,2178.364770453781,458.73850056388056,3781.6358487609764
2025-04-16 04:07:00,2189.049159179412,600.7120973781678,3735.837174307452
2025-04-17 04:07:00,2221.657536714021,561.694047602931,3873.098250511321
2025-04-18 04:07:00,2204.067684987563,543.4630537685134,3900.3267421401824
2025-04-19 04:07:00,2215.4457707402903,513.9355859425934,3871.7201752077726
2025-04-20 04:07:00,2326.903751057044,671.0672978888051,4052.2912583735692
2025-04-21 04:07:00,2229.6308818048665,590.1535538589633,3977.0584149057313
2025-04-22 04:07:00,2151.592517600881,375.8545634112435,3797.65400509193
2025-04-23 04:07:00,2156.539398492442,301.8864604054287,3766.8276409281834
2025-04-24 04:07:00,2183.952482604125,552.5735965539288,3908.3991640584622
2025-04-25 04:07:00,2161.8622840974167,393.8535071012477,3755.3503590611826
2025-04-26 04:07:00,2169.5691315314157,422.3294910236463,3712.3253150788423
2025-04-27 04:07:00,2278.29619438103,716.751662967556,4052.085241211504
2025-04-28 04:07:00,2179.317309008806,434.7453100988978,3854.859697015599
2025-04-29 04:07:00,2100.6529075856224,422.4626009948822,3699.7437872838113
2025-04-30 04:07:00,2106.0773350088884,249.84311211955477,3811.034825726191
2025-05-01 04:07:00,2135.0626752444214,520.9332865991279,3702.582446346101
2025-05-02 04:07:00,2115.598079067157,370.48637658891914,3847.6333863167097
2025-05-03 04:07:00,2126.9110104425695,479.92901803953004,3824.835366691564
2025-05-04 04:07:00,2240.122230944768,687.4959830395595,3892.716363005256
2025-05-05 04:07:00,2146.3764955543684,539.0925140809132,3789.787511311257
2025-05-06 04:07:00,2073.542177567003,327.75259441340546,3643.5376020411645
2025-05-07 04:07:00,2085.2229967301546,437.9717510944094,3789.4193349666766
2025-05-08 04:07:00,2120.7068393241943,371.1935377487641,3786.349235330397
2025-05-09 04:07:00,2107.790511715694,525.0386751163128,3809.271508692826
2025-05-10 04:07:00,2125.506681019497,467.03501712672875,3721.787557189301
2025-05-11 04:07:00,2244.784650457034,497.182244527044,3899.027732558802
2025-05-12 04:07:00,2156.58676796368,581.9492592709148,3904.823990019033
2025-05-13 04:07:00,2088.6135132688914,510.6083007967213,3807.1171381834465
2025-05-14 04:07:00,2104.3202725755373,443.1982067615267,3727.534796232319
2025-05-15 04:07:00,2142.8706370542423,493.93733498718916,3813.1057459094886
2025-05-16 04:07:00,2131.964931249469,529.2326604941907,3954.751759120921
2025-05-17 04:07:00,2150.570110781755,433.9676288019896,3980.453894859694
2025-05-18 04:07:00,2269.5825872664223,536.9323115987696,3942.8067996469613
2025-05-19 04:07:00,2179.965716617853,645.527842612283,4059.921446815921
2025-05-20 04:07:00,2109.4549627349575,486.82721412531606,3641.1626532493924
2025-05-21 04:07:00,2121.573742597928,439.91516774387134,3674.6554930688253
2025-05-22 04:07:00,2155.584816110283,365.76201876483793,3800.935326623771
2025-05-23 04:07:00,2139.31598327526,499.01022210660676,3898.9090797175772
2025-05-24 04:07:00,2151.886312253683,415.7569358261937,3689.163258298814
2025-05-25 04:07:00,2264.364565497622,651.2308134534237,3939.721442853074
2025-05-26 04:07:00,2167.9016912167876,563.4851780272342,3683.992600505905
2025-05-27 04:07:00,2090.430541135821,384.9639058819257,3609.5684876576115
2025-05-28 04:07:00,2095.675982887192,388.3466995587851,4017.1850131790507
2025-05-29 04:07:00,2123.100441192788,418.23172347406006,3668.8918563446805
2025-05-30 04:07:00,2100.723804587787,394.825878116585,3749.879016006456
2025-05-31 04:07:00,2107.8440935049334,503.644245240929,3707.7632424608
2025-06-01 04:07:00,2215.690722132807,511.3088124654616,3932.609600872573
2025-06-02 04:07:00,2115.5523745083806,371.1945711023389,3742.0809025002927
2025-06-03 04:07:00,2035.472792387109,313.1964095951489,3776.529025562296
2025-06-04 04:07:00,2039.2577591282093,358.3658212087922,3688.9063312581193
2025-06-05 04:07:00,2066.418405478453,403.57879301540896,3691.6030485776237
2025-06-06 04:07:00,2044.9898388329157,361.3494785616988,3671.820452940253
2025-06-07 04:07:00,2054.2515277977936,394.5583475843297,3693.754960230142
2025-06-08 04:07:00,2165.381280596703,507.163027679852,3818.6613499526857
2025-06-09 04:07:00,2069.58481386886,320.3768470936642,3630.7158832812393
2025-06-10 04:07:00,1994.7941562036503,240.30500137789127,3756.012782015471
2025-06-11 04:07:00,2004.6780897969186,368.2978083302983,3640.674422795898
2025-06-12 04:07:00,2038.5896500372353,348.5648453088642,3749.760901962494
2025-06-13 04:07:00,2024.389556566018,255.08167146741047,3541.5076381299846
2025-06-14 04:07:00,2041.1718614740012,325.8204281618207,3636.361811095535
2025-06-15 04:07:00,2159.9234933306407,533.9057020829043,3681.1907900431333
2025-06-16 04:07:00,2071.6595248855533,260.2999050870222,3820.4376461151414
2025-06-17 04:07:00,2004.1272363245341,282.6198574841841,3593.820164583798
2025-06-18 04:07:00,2020.8220064238035,258.65738955796223,3528.7070959995417
2025-06-19 04:07:00,2060.939886994796,353.8630642115636,3771.2518723963085
2025-06-20 04:07:00,2052.205581296709,354.42466940718947,3667.0969920644106
2025-06-21 04:07:00,2073.60197538826,398.2610035512736,3691.544524184932
2025-06-22 04:07:00,2196.0327847346766,465.3950016484023,3908.6456965903867
2025-06-23 04:07:00,2110.4600513223927,492.7718020857244,3783.9116196183227
2025-06-24 04:07:00,2044.6094971912428,271.18371058612115,3608.695458679145
2025-06-25 04:07:00,2061.9867293397783,326.8081494413424,3791.9429286975947
2025-06-26 04:07:00,2101.829143738895,506.66883911366983,3796.0541155072206
2025-06-27 04:07:00,2091.9322714088225,334.47035648873697,3839.6371546575
2025-06-28 04:07:00,2111.376767114273,493.472837722735,3852.6048700332985
2025-06-29 04:07:00,2231.187682275439,421.80129342279326,3867.97762962439
2025-06-30 04:07:00,2142.467861980021,490.32908860223705,3777.0747986570173
2025-07-01 04:07:00,2073.0985987963563,429.7517658289769,3608.5503904916686
2025-07-02 04:07:00,2086.7506834829537,481.4592283117307,3775.520989426551
2025-07-03 04:07:00,2122.830859414059,354.64722541471815,3690.222103902483
2025-07-04 04:07:00,2109.3025919101133,427.70504695634065,3753.1429548034525
2025-07-05 04:07:00,2125.4075252984926,390.57700048967916,3646.120599149024
2025-07-06 04:07:00,2242.319440407429,544.4385789587064,3929.4246239580953
2025-07-07 04:07:00,2151.272717120871,404.24145566963114,3839.5993783046233
2025-07-08 04:07:00,2080.258588055792,481.97418038303675,3717.2975064658144
2025-07-09 04:07:00,2093.0324608069564,527.080878069462,3839.8839144600074
2025-07-10 04:07:00,2129.0574326638944,381.14890440834,3779.646365245846
2025-07-11 04:07:00,2116.3230022952184,357.718071924701,3703.1485297338313
2025-07-12 04:07:00,2134.065417814541,429.40426720406447,3698.2077953989915
2025-07-13 04:07:00,2253.421511772381,528.971052574558,3809.4211346627753
2025-07-14 04:07:00,2165.558035553789,582.701272406866,3831.2843516883713
2025-07-15 04:07:00,2098.3697568231846,342.7810837681959,3772.7156481592565
2025-07-16 04:07:00,2115.4895453470876,273.165850424713,3731.853317159935
2025-07-17 04:07:00,2156.2354908118305,531.2619586449434,3893.424589654293
2025-07-18 04:07:00,2148.4339509980464,535.9752176423619,3804.1029753740318
2025-07-19 04:07:00,2171.144840904162,478.25859488822744,3798.58884049221
2025-07-20 04:07:00,2295.3208656506326,568.4351599801723,3866.9443875514603
2025-07-21 04:07:00,2211.9425474704644,625.2994456017217,3855.9334424845906
2025-07-22 04:07:00,2148.7221386111387,462.6887190525095,3884.6027427995587
2025-07-23 04:07:00,2169.1194691895203,540.0838707460438,3811.8238648270512
2025-07-24 04:07:00,2212.2945981441153,617.8361389193551,3871.4628265038095
2025-07-25 04:07:00,2205.935996274842,538.1625364445434,3965.8277900638136
2025-07-26 04:07:00,2228.990413807623,663.772543023553,3880.2024410201184
2025-07-27 04:07:00,2352.325993190831,734.8507652693567,4005.7206587572973
2025-07-28 04:07:00,2266.8703556341434,593.4196153248204,3954.3502216829547
2025-07-29 04:07:00,2200.316655505219,529.1731494311578,3835.216275491489
2025-07-30 04:07:00,2216.1405810101674,511.776521639962,3930.649406315063
2025-07-31 04:07:00,2253.553128007708,549.6988311310207,3963.4366084453304
2025-08-01 04:07:00,2240.3278653095695,595.8316590489146,3838.5451939305026
2025-08-02 04:07:00,2255.528864374661,535.4051278966687,4001.243169544383
2025-08-03 04:07:00,2370.170905174407,764.9103363709473,4113.952355750639
2025-08-04 04:07:00,2275.3537670066767,495.2128925475248,3926.741150355829
2025-08-05 04:07:00,2198.963705564668,534.0290509985911,3942.0611625329957
2025-08-06 04:07:00,2204.6852256731772,606.0682756978296,4015.3523377324696
2025-08-07 04:07:00,2231.9481275479648,499.8771608197283,3977.7265852999217
2025-08-08 04:07:00,2208.74871150204,529.8285945193138,3920.912361173466
2025-08-09 04:07:00,2214.371491256062,606.8446077615089,3915.0491998639795
2025-08-10 04:07:00,2320.0432103165185,576.2286391625172,3978.9581732721904
2025-08-11 04:07:00,2217.0611529146117,440.57589864720853,3821.5152250903634
2025-08-12 04:07:00,2133.4890281133817,388.6368466073974,3716.346568523507
2025-08-13 04:07:00,2133.163703108402,391.8489275475593,3876.4910201637463
2025-08-14 04:07:00,2155.637914506883,522.0504419350294,3879.8302524266173
2025-08-15 04:07:00,2128.9979732129896,258.6604878928461,3685.035393680562
2025-08-16 04:07:00,2132.582919621235,464.5210724823953,3832.9805557028085
2025-08-17 04:07:00,2237.6370026994127,514.6851467401073,3892.3632437179926
2025-08-18 04:07:00,2135.437523718276,506.93728710828003,3861.808429161959
2025-08-19 04:07:00,2053.991341069703,304.5853528067144,3862.429304317713
2025-08-20 04:07:00,2057.0432979793763,305.37931779420086,3690.274064257036
2025-08-21 04:07:00,2084.02165590073,393.28449592593756,3766.505247094709
2025-08-22 04:07:00,2062.8594727402156,421.24038080687507,3675.7181293398307
2025-08-23 04:07:00,2072.7182777610983,360.46077728859206,3693.5341171092873
2025-08-24 04:07:00,2184.645786554712,564.8883917842819,3858.58379420852
2025-08-25 04:07:00,2089.7095450472257,185.17601622085934,3689.9953679028645
2025-08-26 04:07:00,2015.6996300022076,185.7015501685985,3788.1852505011652
2025-08-27 04:07:00,2026.1434865934343,284.2985511798547,3634.240549747896
2025-08-28 04:07:00,2060.257797639842,411.6629154259334,3797.7761138385927
2025-08-29 04:07:00,2045.776134035456,328.60105434866585,3768.3132261147766
2025-08-30 04:07:00,2061.678552744853,490.8189503137978,3817.57595244866
2025-08-31 04:07:00,2178.8547099101,510.8364154744184,3887.397090463496
2025-09-01 04:07:00,2088.242217024114,446.5644974292328,3730.9713628567824
2025-09-02 04:07:00,2017.5332262302395,394.23308509394656,3691.402927081437
2025-09-03 04:07:00,2030.192207760997,316.4619614271792,3766.5952110948456
2025-09-04 04:07:00,2065.409723912046,328.99620021915194,3592.6857544061068
2025-09-05 04:07:00,2050.9308889750173,256.34478282439676,3724.8967784462247
2025-09-06 04:07:00,2065.78465336336,342.63178265058707,3727.6637595550774
2025-09-07 04:07:00,2180.945484197602,521.1938456572638,3841.8408701502226
2025-09-08 04:07:00,2087.469207864143,403.22503504582863,3666.4635873412717
2025-09-09 04:07:00,2013.196070012901,422.23022715464714,3655.510470965088
2025-09-10 04:07:00,2021.764075266993,441.06688969776377,3792.2695207679044
2025-09-11 04:07:00,2052.5575374032965,322.34239228001985,3641.176944995269
2025-09-12 04:07:00,2033.5296792057366,472.21780689631,3607.291162634039
2025-09-13 04:07:00,2043.9255891540938,374.83929489333445,3676.292623391078
2025-09-14 04:07:00,2154.9372903762824,480.13376756527566,3910.743228023218
2025-09-15 04:07:00,2057.832879480809,308.34451593532964,3644.038617582769
2025-09-16 04:07:00,1980.6529861832012,284.1741970158891,3679.070804677977
2025-09-17 04:07:00,1987.2178091159635,282.3256065877875,3564.4007832295265
2025-09-18 04:07:00,2017.0698437222493,306.55221611999,3698.8219078980924
2025-09-19 04:07:00,1998.2913132035821,284.50225503807854,3690.400682933254
2025-09-20 04:07:00,2010.2227630403047,332.71049861119394,3709.266183642189
2025-09-21 04:07:00,2124.1147049807755,472.43421611666236,3793.3938562796734
2025-09-22 04:07:00,2031.254371847443,315.27475637502727,3675.235612570567
2025-09-23 04:07:00,1959.6609080116282,326.096408366439,3613.196112157078
2025-09-24 04:07:00,1973.0922928887978,261.25632484573686,3639.646844410269
2025-09-25 04:07:00,2010.9891220688733,347.60185071529816,3638.397431919029
2025-09-26 04:07:00,2001.2942322255142,333.35891812196604,3635.315104071911
2025-09-27 04:07:00,2023.1745726411248,418.2013112157387,3804.463997790748
2025-09-28 04:07:00,2147.677120338402,582.0752139619258,3730.7016785150486
2025-09-29 04:07:00,2065.8607825972535,422.75677151565327,3914.150579769035
2025-09-30 04:07:00,2005.4974688432467,108.2989683035281,3648.2395615396194
2025-10-01 04:07:00,2030.0854652328399,347.0871169756428,3728.7725040172922
2025-10-02 04:07:00,2078.800056090826,420.07667014777354,3764.407973971938
2025-10-03 04:07:00,2079.3201866578693,361.9391427683026,3618.377862279863
2025-10-04 04:07:00,2110.5573726238385,415.08330478912325,3850.4602500455576
2025-10-05 04:07:00,2243.318456086884,591.9770983481892,3969.002549099093
2025-10-06 04:07:00,2168.4439600753726,453.95890440190885,3873.6911671031394
2025-10-07 04:07:00,2113.5150432104415,360.27275540447727,3783.3531387523826
2025-10-08 04:07:00,2141.872023854146,506.56504764259387,3792.4293544240372
2025-10-09 04:07:00,2192.569275024288,528.2103701456698,3849.5220264752934
2025-10-10 04:07:00,2193.2051668989866,546.2495991865479,4036.004908243659
2025-10-11 04:07:00,2222.6531732736357,450.7219015716012,3918.7087896846942
2025-10-12 04:07:00,2351.7256835763123,744.1880939292314,3984.5144544878385
2025-10-13 04:07:00,2271.3122471640295,503.98459054098305,3993.376497996138
2025-10-14 04:07:00,2209.085259379767,619.8903351908563,3795.234598957897
2025-10-15 04:07:00,2228.516099527665,595.0393799655244,3966.187538216921
2025-10-16 04:07:00,2268.8265945366848,577.8803529948221,3857.93135429888
2025-10-17 04:07:00,2257.8145870306585,639.1526680320195,3996.2461208039613
2025-10-18 04:07:00,2274.5798524221896,541.5094814699519,4017.3798138308066
2025-10-19 04:07:00,2390.1820573945606,742.8360648926526,4122.689160188933
2025-10-20 04:07:00,2295.772655281896,561.5443682384437,3966.157086268705
2025-10-21 04:07:00,2219.293909624777,464.94319497046587,3861.194574779667
2025-10-22 04:07:00,2224.488245516928,537.8823080726568,3936.1851025106052
2025-10-23 04:07:00,2250.842994040934,590.4754976690846,3979.9359756010194
2025-10-24 04:07:00,2226.409496503134,634.5556666993273,3821.312687551369
2025-10-25 04:07:00,2230.522992047337,610.3335720980316,3987.5305054068263
2025-10-26 04:07:00,2334.455145735005,604.650494773984,4027.9960849438717
2025-10-27 04:07:00,2229.541258341836,561.253203951559,3971.032944932755
2025-10-28 04:07:00,2143.8754716988183,421.67342478013114,3759.258709804879
2025-10-29 04:07:00,2141.3172651148693,485.7570003051276,3825.9359456394322
2025-10-30 04:07:00,2161.4343747599223,594.0794359802202,3791.2989851073544
2025-10-31 04:07:00,2132.321138223064,459.2240095830563,3754.701241763149
2025-11-01 04:07:00,2133.3186913661766,550.3681718655804,3868.0191291655647
2025-11-02 04:07:00,2235.6688462697725,564.5785342490975,3946.690382974435
2025-11-03 04:07:00,2130.6436324620076,402.89901819945413,3866.750414568009
2025-11-04 04:07:00,2046.2437274066565,335.9887839874382,3724.8869326513063
2025-11-05 04:07:00,2046.2089579996077,614.4817946686585,3664.518569205353
2025-11-06 04:07:00,2069.965868831936,421.6279627955574,3759.1018212596505
2025-11-07 04:07:00,2045.451205263933,374.1458564798915,3805.4995420701916
2025-11-08 04:07:00,2051.837571018998,269.48266031170976,3742.469018711827
2025-11-09 04:07:00,2160.19291363445,633.4329540155634,3884.894920708798
2025-11-10 04:07:00,2061.615641875977,251.9560918485528,3696.617721989169
2025-11-11 04:07:00,1983.9384258701807,313.3912137570476,3585.141579489116
2025-11-12 04:07:00,1990.743694735845,405.98212803752557,3612.160679184751
2025-11-13 04:07:00,2021.3156738770056,248.04477593846445,3668.574552675614
2025-11-14 04:07:00,2003.4676744652907,380.97750848713963,3757.55157592588
2025-11-15 04:07:00,2016.2707815118933,361.12717458358406,3702.8260805368514
2025-11-16 04:07:00,2130.7155062466345,414.13238877482485,3903.108911557991
2025-11-17 04:07:00,2037.8481476066402,290.77540195146236,3546.649823369184
2025-11-18 04:07:00,1965.4748844129579,160.4520905410853,3690.207804417813
2025-11-19 04:07:00,1977.1766148115032,326.2697987230791,3691.669183688272
2025-11-20 04:07:00,2012.2594178237134,440.1479949542391,3716.46025171751
2025-11-21 04:07:00,1998.5794120243324,314.5738893335548,3625.617648338731
2025-11-22 04:07:00,2015.2682481070547,408.8755105352037,3764.1429526718875
2025-11-23 04:07:00,2133.3909164042675,382.0374132714943,3796.6613892715
2025-11-24 04:07:00,2044.0777509108136,436.7962245725262,3775.2789388489987
2025-11-25 04:07:00,1975.223805217553,278.7236359964492,3615.7258131708772
2025-11-26 04:07:00,1990.498783025249,357.5451705355069,3621.481343677681
2025-11-27 04:07:00,2029.29257119142,356.19047801461807,3711.56052567562
2025-11-28 04:07:00,2019.5353249939742,392.33218025557863,3534.298670549518
2025-11-29 04:07:00,2040.4185130440883,361.5985396902243,3835.3569734922103
2025-11-30 04:07:00,2163.048764149622,595.981764002602,3846.4611940534296
2025-12-01 04:07:00,2078.5765442907777,365.608265811558,3745.163526184399
2025-12-02 04:07:00,2014.8929663559957,265.5758877132241,3661.5655825619215
2025-12-03 04:07:00,2035.638018957816,452.853644476384,3665.669218342638
2025-12-04 04:07:00,2080.145338889272,427.16398189916845,3824.0983033695793
2025-12-05 04:07:00,2076.26252374973,516.3970906084555,3692.253415901235
2025-12-06 04:07:00,2103.073407502632,449.0264539267224,3703.8738531543154
2025-12-07 04:07:00,2231.554124231061,551.6749871908202,3876.603340856319
2025-12-08 04:07:00,2152.704939023512,622.0165453525391,3779.349832432069
2025-12-09 04:07:00,2094.2510683608293,305.65704387792584,3660.9000669073957
2025-12-10 04:07:00,2119.6556671039243,353.2061038960082,3821.930221031366
2025-12-11 04:07:00,2168.0699715058827,466.32895928964564,3842.0997752534295
2025-12-12 04:07:00,2167.159437541776,603.2600841119057,3830.3976621757406
2025-12-13 04:07:00,2195.8321225505456,508.2137066657273,3839.8372768064282
2025-12-14 04:07:00,2324.900948257007,559.6118699417667,4149.617566006678
2025-12-15 04:07:00,2245.22163006111,650.2978780100618,4027.519481389834
2025-12-16 04:07:00,2184.3992998669464,386.8196627498336,3866.4743370615843
2025-12-17 04:07:00,2205.8068093570305,554.9364079434323,3864.470822076525
2025-12-18 04:07:00,2248.5395236312293,626.0091733958934,3885.6299469175565
2025-12-19 04:07:00,2240.2452813466934,547.6335673263933,3887.3959529882854
2025-12-20 04:07:00,2259.8556276181384,610.1003815558227,3893.1568838981966
2025-12-21 04:07:00,2378.2498421006885,735.995066356425,4015.0225954764996
2025-12-22 04:07:00,2286.3934613664624,512.8029294059719,4051.8295794166547
2025-12-23 04:07:00,2212.044270032001,538.8027811776014,3998.100038104404
2025-12-24 04:07:00,2218.76872969756,678.0901971112285,3920.9991333802186
2025-12-25 04:07:00,2245.893673881391,557.731944197404,3985.2357262374267
2025-12-26 04:07:00,2221.3319994333556,553.4257639034499,3973.2028945819407
2025-12-27 04:07:00,2224.308550117826,668.7220566707333,3814.3043017024597
2025-12-28 04:07:00,2326.017837214524,676.762247200879,3929.400130953569
2025-12-29 04:07:00,2217.755448629955,465.36758636521523,3825.503407896926
2025-12-30 04:07:00,2127.6162993431117,416.00226901159505,3704.2568763750587
2025-12-31 04:07:00,2119.5028918511002,387.92053197192155,3950.965939811379
2026-01-01 04:07:00,2133.0686302205163,457.69259568895984,3808.806283133382
2026-01-02 04:07:00,2096.5351435157118,464.66014866799844,3670.7881004873075
2026-01-03 04:07:00,2089.4100432054647,420.7751020146446,3890.487174879357
2026-01-04 04:07:00,2183.136985423787,552.5597990852407,3811.3388243409086
2026-01-05 04:07:00,2069.2201063520783,480.19559450566726,3770.2264454351152
2026-01-06 04:07:00,1975.9161847817932,356.0695848660582,3680.4032363494066
2026-01-07 04:07:00,1967.2378804074112,299.1305977571554,3710.583839217445
2026-01-08 04:07:00,1982.8932446780495,321.8370849686397,3603.991561278875
2026-01-09 04:07:00,1951.1005819496163,292.54426273699113,3767.2082464572795
2026-01-10 04:07:00,1951.3051725166824,229.24472891839036,3679.3387076458007
2026-01-11 04:07:00,2054.829777606172,380.48153751219724,3698.944665316896
2026-01-12 04:07:00,1953.001004265561,252.48342364479709,3604.6976255260433
2026-01-13 04:07:00,1873.8448537082195,237.20167651352835,3482.3495253808806
2026-01-14 04:07:00,1881.0947314647221,227.9229899224355,3562.0329380028115
2026-01-15 04:07:00,1914.1370078619627,210.358782172789,3606.7607285334434
2026-01-16 04:07:00,1900.833062822088,146.11205120608582,3613.206539526173
2026-01-17 04:07:00,1920.2441510512501,260.9600109810294,3650.410414656742
2026-01-18 04:07:00,2043.2908050071278,420.4915500768977,3582.9394592079084
2026-01-19 04:07:00,1960.8886290722896,261.7706919140046,3426.205031394171
2026-01-20 04:07:00,1900.6535681799166,149.16882731254782,3513.8925603855982
2026-01-21 04:07:00,1925.919679585187,328.035935501424,3531.7909446890258
2026-01-22 04:07:00,1975.6942440650487,274.27311420045345,3681.9823336829254
2026-01-23 04:07:00,1977.4889025917025,394.82076788247997,3562.999495545919
2026-01-24 04:07:00,2010.052917636878,486.19372070006426,3690.969164625074
2026-01-25 04:07:00,2144.0400571296695,445.8158798130221,3753.7138299015814
2026-01-26 04:07:00,2070.1507586784155,471.8782700279322,3730.06186674415
2026-01-27 04:07:00,2015.8424904244123,372.9107043572801,3656.4480177826713
2026-01-28 04:07:00,2044.3512038801366,430.9778721858782,3814.084342504174
2026-01-29 04:07:00,2094.6486189195766,378.63155141002034,3748.353468080653
2026-01-30 04:07:00,2094.273970711636,526.4453824500421,3841.16648190451
2026-01-31 04:07:00,2122.0663029575876,403.9566074747468,3716.4791768607583
2026-02-01 04:07:00,2248.8288325019284,637.5403795198968,3952.204411524266
2026-02-02 04:07:00,2165.46711111341,522.3364697410639,3875.030767524083
2026-02-03 04:07:00,2099.694008231752,353.84570784988097,3839.5159993077777
2026-02-04 04:07:00,2115.044553788457,439.47356282003966,3851.6216545568004
2026-02-05 04:07:00,2150.8255573543356,516.3327590586439,3856.0310156276814
2026-02-06 04:07:00,2134.938837042807,469.0591230689002,3746.5350605817416
2026-02-07 04:07:00,2146.6043680749585,387.56377019746924,3810.933492843012
2026-02-08 04:07:00,2257.0151173812487,653.7984324080861,3965.0158775762634
2026-02-09 04:07:00,2157.46554047479,376.04312403732547,3897.4879732940285
2026-02-10 04:07:00,2076.0470171444576,438.48197801561207,3809.6697168799606
2026-02-11 04:07:00,2076.653513222244,261.0633360129394,3793.305561995388
2026-02-12 04:07:00,2098.9226215230697,506.5523219871512,3808.2776529083885
2026-02-13 04:07:00,2071.0510344968666,500.4724815711903,3777.0561768504513
2026-02-14 04:07:00,2072.510954000982,424.2205285007945,3663.4224599532477
2026-02-15 04:07:00,2174.6993712738536,438.65317936830985,3760.3426363269155
2026-02-16 04:07:00,2069.062326832431,373.5837874441556,3679.9119153832994
2026-02-17 04:07:00,1983.7875237098765,220.12076098328697,3557.8130977576698
2026-02-18 04:07:00,1982.8086391000743,399.57653949674824,3727.541822823829
2026-02-19 04:07:00,2005.7465049789464,297.1825420428453,3735.353292955789
2026-02-20 04:07:00,1980.7261871687024,353.7515843971082,3662.0376174288676
2026-02-21 04:07:00,1987.0964056292896,235.86939587852123,3653.6439603864255
2026-02-22 04:07:00,2096.083128883273,451.71453261269687,3777.0165850201715
2026-02-23 04:07:00,1998.9193177111513,435.5184462595012,3658.6064284641175
2026-02-24 04:07:00,1923.5440265179147,341.3757614491985,3544.1588370570394
2026-02-25 04:07:00,1933.6140168937968,296.8963674257982,3620.164246139958
2026-02-26 04:07:00,1968.4528433396058,374.64096283321874,3548.016182535741
2026-02-27 04:07:00,1955.8762161007212,184.55404418619662,3685.8048819029204
2026-02-28 04:07:00,1974.9198517716611,339.2973018083201,3674.7158620466653
2026-03-01 04:07:00,2096.5014114773408,446.69224710545905,3930.5297590824925
2026-03-02 04:07:00,2011.5582742048998,370.9617843560342,3553.17729894111
2026-03-03 04:07:00,1947.7541379845898,221.77813609620978,3727.736703733248
2026-03-04 04:07:00,1968.4974055599303,438.7304637644626,3689.5289883497385
2026-03-05 04:07:00,2012.896139818548,420.13991315415547,3647.0894525687645
2026-03-06 04:07:00,2008.5882470949396,381.27574853008707,3688.1594143058287
2026-03-07 04:07:00,2034.4729838886528,375.8431897485571,3707.8214331797226
2026-03-08 04:07:00,2161.3753062945757,547.9920282922046,3840.923556624738
2026-03-09 04:07:00,2080.184765706024,509.37187694381646,3756.6141101108947
2026-03-10 04:07:00,2018.561936807708,314.3713122924942,3725.1454729850207
2026-03-11 04:07:00,2039.9553648810015,276.8668088922084,3800.313063931347
2026-03-12 04:07:00,2083.5538838425696,433.84330368384906,3797.8299787853057
2026-03-13 04:07:00,2077.1130626924974,320.35209583575516,3782.1750513002494
2026-03-14 04:07:00,2099.682005644272,477.37319474056153,3786.2175461246065
2026-03-15 04:07:00,2222.2621809916745,517.5015476479296,3772.2557188947776
2026-03-16 04:07:00,2135.9401592578306,393.74277656005586,3736.8559076769725
2026-03-17 04:07:00,2068.587439436463,309.0031106025218,3796.832170648598
2026-03-18 04:07:00,2083.8705531638816,486.2352500799224,3835.4041104661933
2026-03-19 04:07:00,2121.1965050391323,434.32704273643986,3831.1613595757112
2026-03-20 04:07:00,2108.5325114427596,384.3069285479719,3729.164139305094
2026-03-21 04:07:00,2125.1264597130657,353.2333650690654,3729.3781754966626
2026-03-22 04:07:00,2242.159945551176,555.4496961644991,3914.105070207978
2026-03-23 04:07:00,2150.875933017348,507.7957098263376,3768.1495534046862
2026-03-24 04:07:00,2079.2743561336233,553.5070364864001,3709.3601760936804
2026-03-25 04:07:00,2091.1189646531275,294.67502706452746,3814.8318624271556
2026-03-26 04:07:00,2125.880554411263,412.3281638652075,3744.147042441915
2026-03-27 04:07:00,2111.5555941860594,403.9263116297074,3693.9449923553357
2026-03-28 04:07:00,2127.3866867643546,516.9832501350193,3664.0108772694252
2026-03-29 04:07:00,2244.516704075013,569.3749216552792,3897.682579406015
2026-03-30 04:07:00,2154.1185897848,432.17179782466826,3765.301454245191
2026-03-31 04:07:00,2084.0940663374654,383.92221108847735,3655.3363265221687
2026-04-01 04:07:00,2098.0844386350022,400.93946441278683,3617.0981169612614
2026-04-02 04:07:00,2135.4184997289367,391.1721666306046,3717.7112593129855
2026-04-03 04:07:00,2123.936394987532,487.9363546076085,3792.486495050814
2026-04-04 04:07:00,2142.7157114641736,436.918420985989,3763.570315047565
2026-04-05 04:07:00,2262.73145113815,554.9395397383972,4072.7751599528788
2026-04-06 04:07:00,2174.99169560387,500.39189089020454,3796.3223611806725
2026-04-07 04:07:00,2107.2420143935633,329.91598430081126,3772.206459805314
2026-04-08 04:07:00,2122.981630972409,553.14317650968,3962.736647398447
2026-04-09 04:07:00,2161.416185606925,512.4989925336233,3932.4335207991803
2026-04-10 04:07:00,2150.285802351192,560.9899571455394,3935.4471323170665
2026-04-11 04:07:00,2168.594599031614,524.3723887096652,3760.1734485922375
2026-04-12 04:07:00,2287.2731961737413,563.1907429828904,3919.832090279548
2026-04-13 04:07:00,2197.315957796378,471.38571215872537,3900.443897821195
2026-04-14 04:07:00,2126.4859717928307,477.2657625093614,3894.6521938289006
2026-04-15 04:07:00,2138.3307708335597,519.5690350602342,3805.20660205488
2026-04-16 04:07:00,2172.13365144738,621.3479621417112,3693.374945552341
2026-04-17 04:07:00,2155.739347846557,560.7332271308793,3889.8456142182245
2026-04-18 04:07:00,2168.2802778555947,318.9610441515417,3852.7087197767355
2026-04-19 04:07:00,2280.8350220151615,625.5509778655701,3935.7361595918283
2026-04-20 04:07:00,2184.5608972075115,646.0592804297919,3832.629798193876
2026-04-21 04:07:00,2107.3937802357455,413.4882695744199,3751.4902596101097
2026-04-22 04:07:00,2113.058344669784,458.86970693106207,3631.627981164668
2026-04-23 04:07:00,2141.0137406767453,409.6719318427997,3917.9564398951134
2026-04-24 04:07:00,2119.273650832006,501.4481341668305,3810.455892627895
2026-04-25 04:07:00,2127.127114665802,287.9860683412099,3799.4874367825155
2026-04-26 04:07:00,2235.791952034758,672.8957673747143,3812.136514378069
2026-04-27 04:07:00,2136.542804151286,487.4111599548337,3889.940178297987
2026-04-28 04:07:00,2057.40708888324,226.88376793603842,3665.0368315772084
2026-04-29 04:07:00,2062.172154243975,416.961166062747,3695.08536512917
2026-04-30 04:07:00,2090.3287561934862,468.36022250567424,3709.965995234344
2026-05-01 04:07:00,2069.8898630400085,415.67410289878393,3765.7164116984786
2026-05-02 04:07:00,2080.1112193499152,477.4568223396695,3699.540023506635
2026-05-03 04:07:00,2192.145509252858,489.5498212953537,3921.8621502068454
2026-05-04 04:07:00,2097.1721172032126,354.8323730226853,3790.6887119973985
2026-05-05 04:07:00,2023.0957321176509,358.59378684185106,3780.5532516817552
2026-05-06 04:07:00,2033.556999780398,302.4131802634088,3712.1770444196577
2026-05-07 04:07:00,2067.880244711847,406.26317366789345,3682.0074593272766
2026-05-08 04:07:00,2053.8971361649915,384.1576443192503,3775.9975381022114
2026-05-09 04:07:00,2070.6725847357657,536.6061117014056,3886.975922821628
2026-05-10 04:07:00,2189.1645487052538,524.4046747996153,3809.1983095601377
2026-05-11 04:07:00,2100.359577939922,406.3608001928665,3693.8885340910897
2026-05-12 04:07:00,2031.977166717986,329.7870492214027,3538.992180485086
2026-05-13 04:07:00,2047.4859468206982,393.0348428316099,3686.8068070106783
2026-05-14 04:07:00,2086.056574713361,402.61580937574905,3808.1929471611356
2026-05-15 04:07:00,2075.390031426785,237.34634374701395,3778.7517589769654
2026-05-16 04:07:00,2094.447481511598,500.5877306444602,3699.634242500532
2026-05-17 04:07:00,2214.1132502946894,605.322469972788,3888.0055749804656
2026-05-18 04:07:00,2125.33265116033,379.8799670876624,3789.981361557788
2026-05-19 04:07:00,2055.8176648181384,282.7434177409417,3770.372766700503
2026-05-20 04:07:00,2069.06346124738,267.6399541808339,3794.4091056245475
2026-05-21 04:07:00,2104.300607474643,560.0440034407894,3811.3776233357335
2026-05-22 04:07:00,2089.3216993973915,334.4702964420501,3703.788284880936
2026-05-23 04:07:00,2103.208613307168,557.3823014041166,3891.4414098384095
2026-05-24 04:07:00,2216.9920137900845,566.0565888931907,3852.7901872763505
2026-05-25 04:07:00,2121.784953007928,395.12083007029673,3852.245814538249
2026-05-26 04:07:00,2045.483689302977,389.93327472136696,3831.714224249642
2026-05-27 04:07:00,2051.77886070788,398.3208933278228,3850.955490508759
2026-05-28 04:07:00,2080.102015945871,464.74911439934766,3799.967735348055
2026-05-29 04:07:00,2058.4464102976153,339.73127564710177,3773.219227042215
2026-05-30 04:07:00,2066.088435804801,394.29499739748155,3691.0184808050794
2026-05-31 04:07:00,2174.241495724797,467.52286865785317,3803.71939395804
2026-06-01 04:07:00,2074.1843257004994,455.14412160270217,3685.8429322521865
2026-06-02 04:07:00,1993.9570462359104,244.7318758571608,3602.680110392118
2026-06-03 04:07:00,1997.368223208661,298.9179544712321,3699.204139796979
2026-06-04 04:07:00,2023.9380604236924,470.89198631545025,3715.6758179519143
2026-06-05 04:07:00,2001.716729635865,301.3335476413437,3725.3388524445063
2026-06-06 04:07:00,2010.004279279699,381.3344094342196,3735.298472400319
2026-06-07 04:07:00,2120.0039751692548,302.8712348453677,3817.1997403444807
2026-06-08 04:07:00,2022.9510892673795,484.7795626378333,3731.6079956615713
2026-06-09 04:07:00,1946.8104046969077,327.14626618620156,3617.1874785778036
2026-06-10 04:07:00,1955.285667711911,239.4120233399316,3666.112428407117
2026-06-11 04:07:00,1987.766036503183,312.8419414675074,3689.7963607309534
2026-06-12 04:07:00,1972.1484322235237,355.4969889226039,3619.3458441478365
2026-06-13 04:07:00,1987.562110585267,441.17735736211733,3609.618622217264
2026-06-14 04:07:00,2105.027165263671,515.5599817301425,3644.423790662329
2026-06-15 04:07:00,2015.5888223490963,361.54954651412146,3719.864617394805
2026-06-16 04:07:00,1947.0206270524204,209.19372661943555,3654.5397146988353
2026-06-17 04:07:00,1962.8395813712684,296.4714884239436,3631.5183071565384
2026-06-18 04:07:00,2002.2581107102587,318.07867829585837,3667.2508265159113
2026-06-19 04:07:00,1993.011598289131,362.53701242278623,3636.9056769923263
2026-06-20 04:07:00,2014.0876494891336,312.9294066312964,3649.1657564476977
2026-06-21 04:07:00,2136.3886562313864,487.71867861316093,3804.5672614367354
2026-06-22 04:07:00,2050.8693988148702,326.1305153243767,3741.9418341484247
2026-06-23 04:07:00,1985.2426875883684,344.93753000154703,3637.073832888125
2026-06-24 04:07:00,2002.996030328366,292.0240894287106,3654.1133560766484
2026-06-25 04:07:00,2043.3441586297974,426.2651136084553,3735.5168687444484
2026-06-26 04:07:00,2034.0561370039522,390.47660974311975,3702.982335416645
2026-06-27 04:07:00,2054.183231657001,423.7280019642636,3861.90540731906
2026-06-28 04:07:00,2174.71915340438,456.1436771498779,3946.9279326766637
2026-06-29 04:07:00,2086.734484706174,346.28247227152474,3765.805065003223
2026-06-30 04:07:00,2018.078391755947,455.37668384932715,3656.7837757384764
2026-07-01 04:07:00,2032.3907290825475,266.95341495916307,3742.290308902039
2026-07-02 04:07:00,2069.049510914926,460.1560957235166,3781.4319078655003
2026-07-03 04:07:00,2055.992629041833,371.0835839071087,3759.349890868381
2026-07-04 04:07:00,2072.4401605498815,459.729837209014,3692.9514157506105
2026-07-05 04:07:00,2189.5490516497375,471.26218877024627,3803.794231202329
2026-07-06 04:07:00,2098.5421594609224,368.8769945069482,3801.8746826348224
2026-07-07 04:07:00,2027.4049194963684,437.90766597826695,3784.678311331434
2026-07-08 04:07:00,2039.8929029724734,424.53942870968626,3700.451771912634
2026-07-09 04:07:00,2075.4753799548052,457.8877141948973,3753.5943130919986
2026-07-10 04:07:00,2062.153890589131,346.5554061324743,3669.325593214259
2026-07-11 04:07:00,2079.1822673497786,575.5066966193041,3773.9712308527114
2026-07-12 04:07:00,2197.719968012934,399.3632479992972,3885.6324200248396
2026-07-13 04:07:00,2108.960746390207,399.51440941218675,3792.9096481729675
2026-07-14 04:07:00,2040.8299439983934,259.56126384268777,3756.403292706982
2026-07-15 04:07:00,2056.993651895779,343.1488030282312,3667.1100376177396
2026-07-16 04:07:00,2096.8048139179987,489.19677486524296,3768.88374760865
2026-07-17 04:07:00,2088.1252001134008,371.19931458729644,3702.8020772400914
2026-07-18 04:07:00,2110.049593388206,475.61692621386413,3674.841752566277
2026-07-19 04:07:00,2233.5639255741003,385.53615259282924,3922.3754304405948
2026-07-20 04:07:00,2149.6792465825292,445.8620005801263,3829.9472298036685
2026-07-21 04:07:00,2086.134650811862,448.9875655911874,3660.7304634489838
2026-07-22 04:07:00,2106.4122401685854,458.00039325198645,3753.7157436841308
2026-07-23 04:07:00,2149.6890192636142,484.77804371825073,4052.972031941125
2026-07-24 04:07:00,2143.664475415331,483.02100284391065,3842.743268624748
2026-07-25 04:07:00,2167.290015074384,570.6760719810618,3925.1920358683246
2026-07-26 04:07:00,2291.4318314685247,613.0769294967572,3894.108518957623
2026-07-27 04:07:00,2207.008940568488,555.4996643117611,3899.4663657965434
2026-07-28 04:07:00,2141.6993822860945,315.8200375130111,3827.6770171546614
2026-07-29 04:07:00,2158.957562227093,524.6426503715293,3859.3266809416427
2026-07-30 04:07:00,2197.9675519275365,515.2110787318657,3695.760388262893
2026-07-31 04:07:00,2186.471051418646,428.4022337035847,3819.6700821411837
2026-08-01 04:07:00,2203.4961673576577,564.708092738545,3946.1295905057095
2026-08-02 04:07:00,2320.0185942250464,631.6364694742027,4033.753204792118
2026-08-03 04:07:00,2227.096979206027,740.5843733891174,3994.2139843193654
2026-08-04 04:07:00,2152.575540821695,476.2009110529789,3871.4246790187253
2026-08-05 04:07:00,2160.0970173394676,434.963750452652,3915.8595307527066
2026-08-06 04:07:00,2189.050888277399,444.02087686412995,3715.4019753920807
2026-08-07 04:07:00,2167.395719225022,471.97818618622466,3877.272965128828
2026-08-08 04:07:00,2174.381946354862,453.720833099152,3951.892207618065
2026-08-09 04:07:00,2281.2068631750726,748.4837673446547,4005.0539504367503
2026-08-10 04:07:00,2179.143771980502,450.11615882691876,3903.0961720709524
2026-08-11 04:07:00,2096.2385532765115,269.30158356002346,3722.719208992218
2026-08-12 04:07:00,2096.3169083781836,454.43334980311295,3745.1258275224754
2026-08-13 04:07:00,2118.927388249986,475.2832915540971,3732.9503993540316
2026-08-14 04:07:00,2092.1592141193146,415.7112304926944,3662.0126847605393
2026-08-15 04:07:00,2095.361342380598,389.55463829157867,3922.3707982709666
2026-08-16 04:07:00,2199.7946492725873,502.0826328072122,3795.876480984548
2026-08-17 04:07:00,2096.759284004749,451.54029597025135,3726.732458439634
2026-08-18 04:07:00,2014.290500536714,266.01829710717,3630.169058004376
2026-08-19 04:07:00,2016.1662489865712,328.3868988704733,3799.85708446077
2026-08-20 04:07:00,2041.8516335405648,254.84752403976134,3737.6638044729934
2026-08-21 04:07:00,2019.3192042669898,271.53347074379843,3738.899233166015
2026-08-22 04:07:00,2027.7714663201182,330.87921193090466,3837.9026942525325
2026-08-23 04:07:00,2138.297384008858,332.0128230378043,3944.0386348997636
2026-08-24 04:07:00,2042.0048042263456,448.79284313828936,3640.951252035854
2026-08-25 04:07:00,1966.7219626583874,211.60088370581983,3725.53562383531
2026-08-26 04:07:00,1976.0111886256268,280.1941658940645,3697.3274414214134
2026-08-27 04:07:00,2009.1197367740378,198.4892075561322,3738.541581981522
2026-08-28 04:07:00,1993.8065260499782,474.7561667969038,3820.739505610389
2026-08-29 04:07:00,2009.0709796654874,277.3339109571192,3664.0885554727893
2026-08-30 04:07:00,2125.815556486889,397.84421039474785,3699.4534786672025
2026-08-31 04:07:00,2034.983719601969,462.61883187280034,3749.079724237999
2026-09-01 04:07:00,1964.2663402830965,343.8403806050872,3586.9853071555412
2026-09-02 04:07:00,1977.1195064916633,212.80071947268507,3573.800451386821
2026-09-03 04:07:00,2012.7185402420632,345.5722342643095,3602.401501022856
2026-09-04 04:07:00,1998.7869069475696,227.0862912421367,3498.5856664028747
2026-09-05 04:07:00,2014.3261426073866,303.3394035712023,3705.4244882487747
2026-09-06 04:07:00,2130.27835301752,412.4386372432431,3843.246893954069
2026-09-07 04:07:00,2037.6630272285502,410.24296329893133,3839.7180184506906
2026-09-08 04:07:00,1964.2811928818358,316.3200415521701,3673.9298091935425
2026-09-09 04:07:00,1973.729944149475,387.62862364472215,3630.328808224784
2026-09-10 04:07:00,2005.3522386346713,272.51683703512924,3598.690124369515
2026-09-11 04:07:00,1987.0607662424818,183.11686981012073,3758.0151732498157
2026-09-12 04:07:00,1998.0621601919256,463.75472533711195,3682.0386306844716
2026-09-13 04:07:00,2109.5132689242473,432.2009770742513,3757.2738769860507
2026-09-14 04:07:00,2012.651411223841,273.3717164108604,3736.7389248907643
2026-09-15 04:07:00,1935.4918325610097,308.549894276211,3574.084397247443
2026-09-16 04:07:00,1941.8355885289925,175.76407616617297,3730.429167791868
2026-09-17 04:07:00,1971.2129459627904,302.00923554983723,3728.468085048909
2026-09-18 04:07:00,1951.7012924078806,290.27257664927964,3694.2894552254047
2026-09-19 04:07:00,1962.643999699113,342.4784243188102,3628.6786001213586
2026-09-20 04:07:00,2075.302118822382,438.70991454280875,3811.6625570736337
2026-09-21 04:07:00,1980.9809649441856,358.9824840348204,3610.118280264422
2026-09-22 04:07:00,1907.7249213526459,305.3292140386711,3426.529851015394
2026-09-23 04:07:00,1919.3237698109353,46.39449033090781,3450.0383448107755
2026-09-24 04:07:00,1955.2556880271309,70.19985731690286,3614.449798457826
2026-09-25 04:07:00,1943.505921990553,187.44984550245485,3667.2706434766637
2026-09-26 04:07:00,1963.2875624777764,235.60300395532457,3643.0079742184794
2026-09-27 04:07:00,2085.696253308087,378.2951247424395,3773.224218641386
2026-09-28 04:07:00,2001.8408089375498,439.70840982713247,3824.4793012108235
2026-09-29 04:07:00,1939.5429594371583,331.8148489991787,3568.1580310285617
2026-09-30 04:07:00,1962.3493934628502,240.1440454159965,3586.692532236047
2026-10-01 04:07:00,2009.481080758696,312.75119024539106,3641.3723326140603
2026-10-02 04:07:00,2008.65870511982,318.3982781864759,3745.2708024074727
2026-10-03 04:07:00,2038.8304477320153,327.9519055298927,3722.482621946645
2026-10-04 04:07:00,2170.833751993847,402.6235229404893,3913.4359964549026
2026-10-05 04:07:00,2095.5328495164117,373.2993171466915,3679.381069281604
2026-10-06 04:07:00,2040.5250717593644,432.5876052432055,3642.9687811275976
2026-10-07 04:07:00,2069.158934180798,462.75062284405726,3633.3275974250614
2026-10-08 04:07:00,2120.488805899542,576.6575629787542,3904.0991768810263
2026-10-09 04:07:00,2122.1048472346797,456.07703788199177,3811.8080394982912
2026-10-10 04:07:00,2152.8643307502716,466.75941494013244,3849.472262468051
2026-10-11 04:07:00,2283.5558803999234,644.5564055472281,3948.772155379897
2026-10-12 04:07:00,2205.038342471712,619.50607743737,3919.3271913485214
2026-10-13 04:07:00,2144.9472791351564,290.5045946211219,3754.418148451717
2026-10-14 04:07:00,2166.7120710214804,454.2369981000138,3883.9509243301277
2026-10-15 04:07:00,2209.508474518069,553.9621009319432,3768.2596288696573
2026-10-16 04:07:00,2201.0853808745346,584.9527261043936,3896.6207471771677
2026-10-17 04:07:00,2220.49198755519,574.3149391244289,3912.3613376113503
2026-10-18 04:07:00,2338.737038424531,626.7334165982522,4059.151734900289
2026-10-19 04:07:00,2246.9219920026976,571.6340649257332,3904.8682012797512
2026-10-20 04:07:00,2172.9412733127456,502.8562531308776,3758.6357170743327
2026-10-21 04:07:00,2180.492774805136,539.3589576675307,3921.2077133711527
2026-10-22 04:07:00,2209.0236400773506,606.5297698391428,3857.021140297242
2026-10-23 04:07:00,2186.5502690496824,501.79813951814293,3815.885517962086
2026-10-24 04:07:00,2192.378944409703,545.9828057228864,3963.9099569146106
2026-10-25 04:07:00,2297.758917645906,570.558630705915,3991.8562108022493
2026-10-26 04:07:00,2194.009982647853,585.9812536420137,3917.8781556980603
2026-10-27 04:07:00,2109.2178433087433,452.1748952590506,3768.754861672102
2026-10-28 04:07:00,2107.2405693065252,517.0853186959689,3700.1748681825943
2026-10-29 04:07:00,2127.651276650839,628.2121210663091,3844.3377824927143
2026-10-30 04:07:00,2098.556045774575,377.6928744883031,3796.842049899734
2026-10-31 04:07:00,2099.3135203717134,566.4593386220723,3892.313654847502
2026-11-01 04:07:00,2201.18803686118,592.9736375978999,3951.936909585335
2026-11-02 04:07:00,2095.4782920584857,458.7320056037679,3804.4042877940965
2026-11-03 04:07:00,2010.2148039726228,409.41037906444944,3649.633868994155
2026-11-04 04:07:00,2009.169379015332,372.5743483879078,3735.618017623002
2026-11-05 04:07:00,2031.801614599624,266.4421605028067,3724.7707023901717
2026-11-06 04:07:00,2006.0813189836708,369.8619288840355,3653.623558230902
2026-11-07 04:07:00,2011.2131414823814,349.1309774126012,3671.216248440024
2026-11-08 04:07:00,2118.295098340175,455.69986839420625,3778.1100254978305
2026-11-09 04:07:00,2018.4528279043868,436.2869837889381,3760.899393272398
2026-11-10 04:07:00,1939.5426520687708,215.10609583837285,3656.5515050946697
2026-11-11 04:07:00,1945.1664808277824,150.87902827387754,3596.7797991954403
2026-11-12 04:07:00,1974.6234193950752,161.8454583984438,3686.7675780433738
2026-11-13 04:07:00,1955.7368023404902,269.6365438392642,3645.1300371511525
2026-11-14 04:07:00,1967.5828074169485,287.7175810983832,3544.5897338373074
2026-11-15 04:07:00,2081.152215166287,262.9437702890891,3668.847809574624
2026-11-16 04:07:00,1987.4870536119784,418.76242968214996,3691.1817358090157
2026-11-17 04:07:00,1914.3851384229556,248.01062002742069,3564.985286093643
2026-11-18 04:07:00,1925.4155085667626,153.47521715126172,3512.228989901687
2026-11-19 04:07:00,1959.8696109298123,296.87723542342695,3564.101769483873
2026-11-20 04:07:00,1945.5869833770646,246.33212779871428,3660.738102415208
2026-11-21 04:07:00,1961.6816441162678,101.58498766947086,3539.736751867724
2026-11-22 04:07:00,2079.2008370786302,580.7900361088275,3821.8676794538583
2026-11-23 04:07:00,1989.257982038147,495.28560497399496,3834.739193488646
2026-11-24 04:07:00,1919.7329716274319,360.13148889743667,3636.555944777895
2026-11-25 04:07:00,1934.2829652645946,244.42472287433284,3563.4944596056544
2026-11-26 04:07:00,1972.2886969696208,383.617190777799,3745.7544625469636
2026-11-27 04:07:00,1961.6752184057784,289.13925783856035,3638.34733084093
2026-11-28 04:07:00,1981.6334598072765,133.90478678142983,3628.934830182688
2026-11-29 04:07:00,2103.2744306892955,441.49529549770114,3745.308726940528
2026-11-30 04:07:00,2017.7580731615915,377.6564430695188,3656.3225049872285
2026-12-01 04:07:00,1952.990060733829,357.31397548443033,3709.71448566843
2026-12-02 04:07:00,1972.6298251244255,319.82705888893014,3775.35682878
2026-12-03 04:07:00,2016.0349379669715,362.3596602877761,3702.211194200232
2026-12-04 04:07:00,2011.0808523896708,415.6966439327651,3703.812049063162
2026-12-05 04:07:00,2036.882441627922,386.3995192103119,3688.9774635552635
2026-12-06 04:07:00,2164.449179887422,604.1140865535809,3770.9305281646625
2026-12-07 04:07:00,2084.815969356733,457.23309657059605,3738.3094607285975
2026-12-08 04:07:00,2025.7428650092595,336.74654805763225,3654.318640512826
2026-12-09 04:07:00,2050.7269070347165,382.38856959687934,3719.3170992008054
2026-12-10 04:07:00,2098.9510855502826,448.58149436912214,3805.238049703509
2026-12-11 04:07:00,2098.109313591537,383.3638230763882,3694.489231260372
2026-12-12 04:07:00,2127.1336934251945,464.71680282511574,3816.275898487233
2026-12-13 04:07:00,2256.8557505578437,541.9163358978594,3957.6116460276517
2026-12-14 04:07:00,2178.14345474027,449.7874967186901,3740.4415451592627
2026-12-15 04:07:00,2118.607086741071,409.67171747579386,3821.0693782073777
2026-12-16 04:07:00,2141.6169653339043,272.05241011779555,3856.74686277658
2026-12-17 04:07:00,2186.2578671748033,450.6457323315481,3920.9806102544103
2026-12-18 04:07:00,2180.1588328662647,527.0952935097549,3770.93986599192
2026-12-19 04:07:00,2202.2244764883435,580.4969688395386,3929.480775277881
2026-12-20 04:07:00,2323.2993254382864,652.8015006168147,3921.063899030353
2026-12-21 04:07:00,2234.306887310852,562.9860150940914,3863.5225718076913
2026-12-22 04:07:00,2162.9564090367157,492.6156983524593,3789.109074233378
2026-12-23 04:07:00,2172.7602814272077,588.5308138145056,3680.3946720054273
2026-12-24 04:07:00,2202.986895085179,466.3556644417533,3830.1447435338455
2026-12-25 04:07:00,2181.487650159351,496.69218409968784,3898.374951323989
2026-12-26 04:07:00,2187.424282614719,607.6295098488623,3990.74327777912
2026-12-27 04:07:00,2291.9281146682383,690.784559681803,3915.5503938149213
2026-12-28 04:07:00,2186.2330405527828,601.607954860576,3903.260001510973
2026-12-29 04:07:00,2098.3753580509874,472.4914680178569,3754.2854053114856
2026-12-30 04:07:00,2092.2035712458123,331.02704531698885,3836.332381332219
2026-12-31 04:07:00,2107.3231652109835,441.2420055212797,3681.592549169772
2027-01-01 04:07:00,2071.9152671385923,416.15802850518094,3800.2029475724776
2027-01-02 04:07:00,2065.4555799751975,389.57564177696685,3650.314531595459
2027-01-03 04:07:00,2159.365424811279,451.01946819569037,3908.8632712992476
2027-01-04 04:07:00,2045.136930556838,263.328432491941,3650.5337470358368
2027-01-05 04:07:00,1951.0257010149767,365.3225904151249,3754.2365170184535
2027-01-06 04:07:00,1941.0542904940414,412.7975732574064,3653.368414532079
2027-01-07 04:07:00,1954.951674423349,330.4884780395013,3607.928566099476
2027-01-08 04:07:00,1920.9677898177617,164.0054834611917,3526.8011979728476
2027-01-09 04:07:00,1918.5896618261772,244.601814385414,3642.0714702869845
2027-01-10 04:07:00,2019.191048648735,311.14295768780016,3773.508541091791
2027-01-11 04:07:00,1914.157702195246,240.87586367474808,3621.6771583832256
2027-01-12 04:07:00,1831.5815942621177,194.7333518878422,3507.2686467195617
2027-01-13 04:07:00,1835.2674189065162,184.6803519981553,3546.343298693374
2027-01-14 04:07:00,1864.6764971055582,166.05343652220535,3421.561019896403
2027-01-15 04:07:00,1847.7470595520308,164.45815840569512,3524.7127196309675
2027-01-16 04:07:00,1863.6172886311529,142.27565656352536,3519.8428288640143
2027-01-17 04:07:00,1983.282883892724,215.96404633085285,3698.416349960027
2027-01-18 04:07:00,1897.731052024109,174.48752253959563,3613.3636456913887
2027-01-19 04:07:00,1834.644051503192,215.04885386363148,3493.449858551316
2027-01-20 04:07:00,1857.41536565851,169.56526347951743,3429.469865787914
2027-01-21 04:07:00,1905.1033822778056,184.95639191299315,3542.4858252287163
2027-01-22 04:07:00,1905.2613033783348,326.828509392994,3639.4795714795764
2027-01-23 04:07:00,1936.6694165260428,171.52067293020335,3607.41564334809
2027-01-24 04:07:00,2070.001251718989,414.0058194480315,3867.8712012645215
2027-01-25 04:07:00,1995.9653005098196,354.52796696316943,3666.3928725971214
2027-01-26 04:07:00,1942.015225301205,238.72023620086324,3598.7291477974227
2027-01-27 04:07:00,1971.3714579698574,289.5227554389236,3620.414306853928
2027-01-28 04:07:00,2022.978923853283,316.5573522154549,3651.817386418309
2027-01-29 04:07:00,2024.339508993298,400.703661637959,3771.9976089624597
2027-01-30 04:07:00,2054.245335621122,324.47538972716217,3703.6141508509763
2027-01-31 04:07:00,2183.44434465266,505.3305840413277,3830.454256733015
2027-02-01 04:07:00,2102.779878471865,404.7178820405544,3879.905557339784
2027-02-02 04:07:00,2039.8972499811584,328.2933901471243,3587.49518399606
2027-02-03 04:07:00,2058.2602949157854,294.28495566082773,3627.887757712609
2027-02-04 04:07:00,2097.1027784678954,428.90912325251554,3797.1968360819696
2027-02-05 04:07:00,2084.2534425400686,487.4365322969023,3759.1206144835137
2027-02-06 04:07:00,2098.860955857181,474.56790599849217,3802.8499769314803
2027-02-07 04:07:00,2212.050486330691,578.975323726954,3880.955209344006
2027-02-08 04:07:00,2115.053826929859,419.8734150413704,3802.857707477772
2027-02-09 04:07:00,2035.9063098280071,498.3358050785063,3665.847620903515
2027-02-10 04:07:00,2038.4537586368324,448.48481445739054,3746.321759326469
2027-02-11 04:07:00,2062.2945997185116,342.7188567104239,3710.030295162256
2027-02-12 04:07:00,2035.5961591837427,350.46619441339294,3778.339271691579
2027-02-13 04:07:00,2037.811631913428,387.31756259727973,3631.925092198378
2027-02-14 04:07:00,2140.329643933692,466.207975760774,3846.5129270677276
2027-02-15 04:07:00,2034.598513738954,228.9545598121429,3672.782866673082
2027-02-16 04:07:00,1948.8185894864885,251.6819037930412,3611.022589666532
2027-02-17 04:07:00,1946.9460181703444,376.4357683508464,3694.1911048491233
2027-02-18 04:07:00,1968.6331355027721,329.1938556481036,3481.732595346054
2027-02-19 04:07:00,1942.0445307258783,335.4265224490981,3581.961881455778
2027-02-20 04:07:00,1946.5752597195765,303.44058842810375,3490.7559468503096
2027-02-21 04:07:00,2053.503074837097,488.62425565849503,3687.217782334585
2027-02-22 04:07:00,1954.1166860316603,365.4696083234084,3597.1567750585264
2027-02-23 04:07:00,1876.4133038691589,191.3349773143921,3704.079116539649
2027-02-24 04:07:00,1884.1086627087275,147.3562865631433,3563.78471428417
2027-02-25 04:07:00,1916.5845281071906,292.1851415757442,3709.988466871801
2027-02-26 04:07:00,1901.712536556979,106.96284314531349,3632.4493265674005
2027-02-27 04:07:00,1918.580619270036,227.6346215196849,3583.6772335687165
2027-02-28 04:07:00,2038.1536476183949,269.99328031705204,3696.026453186021
2027-03-01 04:07:00,1951.4100813176447,371.0385464450078,3660.129264811129
2027-03-02 04:07:00,1886.0476403969187,289.09073376282436,3589.1384404662404
2027-03-03 04:07:00,1905.5009799925047,273.5780076827699,3510.245257903387
2027-03-04 04:07:00,1948.896169159243,306.89849492175586,3776.743263988155
2027-03-05 04:07:00,1943.8806408402706,162.63996817791656,3611.739811131563
2027-03-06 04:07:00,1969.3547105171933,133.48523199440567,3531.6032959311106
2027-03-07 04:07:00,2096.1361777928773,514.5980557793555,3789.7021527824745
2027-03-08 04:07:00,2015.0997026166858,397.4624304115477,3608.2340843795305
2027-03-09 04:07:00,1953.8839239294045,189.0836664629126,3703.9041134190907
2027-03-10 04:07:00,1975.909283747493,289.57063157283034,3653.124551240992
2027-03-11 04:07:00,2020.3313790672632,272.5080873214435,3568.06957462215
2027-03-12 04:07:00,2014.868566117313,367.44971786973525,3796.6284718526517
2027-03-13 04:07:00,2038.530005976383,470.1891174508819,3766.6707648767715
2027-03-14 04:07:00,2162.275788336148,581.1643424141854,3915.9483286375967
2027-03-15 04:07:00,2077.1509748037756,429.1932336869795,3726.625864278306
2027-03-16 04:07:00,2010.9867016916041,403.20588969383,3772.992754758421
2027-03-17 04:07:00,2027.4114946692403,396.44939290425305,3805.024525453623
2027-03-18 04:07:00,2065.7978185463235,480.49842971970486,3803.390456681445
2027-03-19 04:07:00,2054.082793080134,457.0429713744655,3733.814882525931
2027-03-20 04:07:00,2071.4894695917073,391.60585720913224,3747.432399560226
2027-03-21 04:07:00,2189.180504338504,445.4628135634885,3901.6547097269445
2027-03-22 04:07:00,2098.386256798587,424.3957857289096,3762.310693533891
2027-03-23 04:07:00,2027.1006218377988,398.51002127986254,3679.1525508266654
2027-03-24 04:07:00,2039.0878946489377,479.5714242325816,3658.7737978386886
2027-03-25 04:07:00,2073.825811629634,295.2069479713997,3820.547152618876
2027-03-26 04:07:00,2059.3237881625996,284.5368629790736,3709.0481442615205
2027-03-27 04:07:00,2074.8428059598705,458.37556079084754,3842.1920752888873
2027-03-28 04:07:00,2191.5488102362433,434.99492861610594,4047.7122175363056
2027-03-29 04:07:00,2100.6416352764454,439.8875359050671,3868.4202602849978
